portfolio,cum_turnover,annual_turnover,mean_5m_turnover,p95_5m_turnover,max_5m_turnover
INV_VOL_30D,39.59168412140693,7.2484139229077655,0.0001021712970516536,0.0003206139533778642,0.19238734677253203
