root,mean_weight,median_weight,min_weight,p10_weight,p90_weight,max_weight
GC,0.34096917162197315,0.3425886727709476,0.20923482701887455,0.29016516949977894,0.3870864055583508,0.43812348601595746
SI,0.17086752125994165,0.17130322617737312,0.10250127233422017,0.13837516854081533,0.19620564953842404,0.2673025905168327
HG,0.2138313402730155,0.20848764771541525,0.0654588413174696,0.17465065993144283,0.26922556564771055,0.34232908563248376
PL,0.16403188886500997,0.16450687429418143,0.09660993457797504,0.13698939221597922,0.18807216195669013,0.24612763793121173
PA,0.1103000779800598,0.10688424636100392,0.06148583517837166,0.08042478584500659,0.14583652687379145,0.1896575572400273
