metric,observed,bootstrap_mean,p05,p50,p95,p_positive,days,iterations
net_return,1.5461572781579591,1.5489005899311528,1.1730441324959784,1.5420432102950543,1.9560155760193876,1.0,312,2000
