detector,target_months,min_volume,cost_multiplier,variant,net_return,cost_return,sharpe,tstat,max_drawdown,event_count,event_tstat,active_fraction
rank_pct,3,10.0,1.0,rank_pct_target3m_minv10_lb126_entry0p1_both_costx1p0,0.07294547187502692,0.06249647355523967,2.6332808278837914,4.559415008274714,-0.009384060926352656,275,7.46925878912069,0.8698924731182796
quantile_band,3,10.0,1.0,quantile_band_target3m_minv10_lb126_entry0p1_both_costx1p0,0.0721448139979895,0.06261716949525739,2.58292453687838,4.472225208182016,-0.009384060926352656,277,7.400503040246432,0.8720430107526882
mad_z,1,10.0,1.0,mad_z_target1m_minv10_lb126_entry1p5_both_costx1p0,0.06754800731252578,0.0812272297255564,2.9208342323774263,5.057301634815189,-0.005285537048369846,321,7.822655944017025,0.854389721627409
curve_md,1,10.0,1.0,curve_md_target1m_minv10_lb126_md2p5_comp1p25_both_costx1p0,0.05616948839357683,0.06482857324609231,2.7143885844505795,4.699849677703912,-0.004468769448637261,312,8.868445828707435,0.6777301927194861
