root,per_side_cost_bps
GC,0.55078817788255
SI,1.8695083193124464
HG,0.8003841844080726
PL,2.563182447326601
PA,5.593884020137983
