metric,observed,bootstrap_mean,p05,p50,p95,p_positive,days,iterations
net_return,3.6701548509522737,3.6600252464956933,3.0760270892161996,3.6411343566360337,4.298057598942263,1.0,934,2000
