variant,cum_turnover,annual_turnover,mean_5m_turnover,p95_5m_turnover,max_5m_turnover
EW_1N,0.0,0.0,0.0,0.0,0.0
INV_VOL_30D_DAILY,12.622460437369012,2.3109099803639954,3.25738392667128e-05,0.0,0.29001342433855787
ERC_30D_SHRINK0,13.245012724440322,2.4248863560975518,3.41804133760005e-05,0.0,0.29657081153251846
ERC_30D_SHRINK25,13.08144238744804,2.3949400293791965,3.375829964528801e-05,0.0,0.2964285522294658
ERC_30D_SHRINK50,12.9139766001887,2.3642805267356857,3.3326133217520124e-05,0.0,0.2955801184350897
MINVAR_30D_SHRINK25,29.160866335271848,5.338748129543461,7.525326600122282e-05,0.0,0.5190476988390151
MINVAR_30D_SHRINK50,29.730114336263412,5.442965599134347,7.672228172753091e-05,0.0,0.4798840067859271
