metric,observed,bootstrap_mean,p05,p50,p95,p_positive,days,iterations
net_return,0.8277247204840865,0.8242104527803542,0.2689762509717562,0.8312604091357121,1.3684503618394508,0.9955,934,2000
