variant,observations,active_bars,gross_return,cost_return,net_return,mean_net_bps,tstat,annualized_sharpe,hit_rate,max_drawdown,gross_to_cost,turnover
rv_only,242166,183589,0.48295587096863624,0.6941391058649895,-0.21118323489635327,-0.008720598056554316,-0.7974266703547016,-0.4603425538890872,0.3466878091887383,-0.704880410319891,0.6957623722507452,3019.763888888889
rv_md_only,242166,156473,0.35941800619529746,0.5512961895875299,-0.19187818339223262,-0.007923415483273152,-0.782286234937993,-0.45160220575949656,0.2960861557774419,-0.5887197673774162,0.6519508260418192,2409.791666666667
rv_large_small_l1_only,242166,174593,0.4537949347306316,0.651112180854831,-0.19731724612419954,-0.008148016076748988,-0.7682382886468846,-0.4434925353497156,0.3298770265024818,-0.6213719932117265,0.6969535328533619,2868.375
rv_md_and_l1,242166,141362,0.26813534777994896,0.47766935312109376,-0.2095340053411449,-0.008652494790397699,-0.9074934445826824,-0.5238824652440768,0.26768827994020633,-0.5324808274306364,0.5613409066919436,2099.5
rv_md_l1_root_filtered,242166,114817,0.18259226953290003,0.3910542790735726,-0.2084620095406728,-0.008608227808225464,-0.9977153548347943,-0.5759662318476381,0.21742110783512136,-0.49692505152735694,0.466923082814668,1688.6944444444443
