metric,observed,bootstrap_mean,p05,p50,p95,p_positive,days,iterations
net_return,-0.20846200954067276,-0.2074994660897209,-0.5081690436033015,-0.20658779734056365,0.07890171961237348,0.117,934,2000
