detector,target_months,min_volume,cost_multiplier,variant,base_variant,net_return,cost_return,sharpe,tstat,max_drawdown,event_count,hazard_exit_count,hazard_exit_fraction,event_tstat,active_fraction
rank_pct,3,10.0,1.0,rank_pct_target3m_minv10_lb126_entry0p1_both_costx1p0_hazardexp_minh8_tail4,rank_pct_target3m_minv10_lb126_entry0p1_both_costx1p0,0.07155477177526003,0.06401998183420378,2.5982716533602037,4.498798094932268,-0.009384060926352656,311,21,0.06752411575562701,7.350304626534622,0.8655913978494624
quantile_band,3,10.0,1.0,quantile_band_target3m_minv10_lb126_entry0p1_both_costx1p0_hazardexp_minh8_tail4,quantile_band_target3m_minv10_lb126_entry0p1_both_costx1p0,0.07054948750721361,0.0641406777742215,2.539554073682435,4.397131075145574,-0.009384060926352656,313,22,0.07028753993610223,7.270340935747716,0.8688172043010752
mad_z,1,10.0,1.0,mad_z_target1m_minv10_lb126_entry1p5_both_costx1p0_hazardexp_minh8_tail4,mad_z_target1m_minv10_lb126_entry1p5_both_costx1p0,0.06464597717784368,0.08229656575871765,2.8016069162307873,4.850864551128917,-0.005285537048369846,400,19,0.0475,8.753185846053373,0.8522483940042827
curve_md,1,10.0,1.0,curve_md_target1m_minv10_lb126_md2p5_comp1p25_both_costx1p0_hazardexp_minh8_tail4,curve_md_target1m_minv10_lb126_md2p5_comp1p25_both_costx1p0,0.054397041532880316,0.06516581700457028,2.628042006069771,4.550344208627524,-0.004468769448637261,353,12,0.0339943342776204,9.036391821094984,0.6734475374732334
